Année,Numéro,Titre,Page(s),Auteur(s),Ville(s),Theme(s),Epoque
1991,Mémoire n°01,Éditorial  Résumé,2,Denis Bellon ,Vizille ,"Lieux remarquables ,  Vie de l'association , Patrimoine ",XXIe siècle 
1991,Mémoire n°01,Comment la Ille République a sombré Journal de Marguerite Lebrun (août 39 julle 40)  Résumé,3,Eric Freysselinard ,Vizille ,"Lieux remarquables ,  Histoires ,  Guerres , Personnages remarquables ",XXe siècle 
1991,Mémoire n°01,Les châteaux et autres demeures anciennes de l'ex-canton de Vizille Résumé,3,Jean-Claude Michel ,- ,"Bâtiments et édifices ,  Histoires ",Xe siècle 
1991,Mémoire n°01,Notre couverture  Résumé,6,Robert Aillaud ,Pays vizillois ,Voies de communication ,- 
1991,Mémoire n°01,Vie rurale à Brié pendant la période révolutionnaire  Résumé,07 à 13,Henri Rey ,Brié et Angonnes ,Vie locale ,- 
1991,Mémoire n°01,"Paul Michel, photographe  Résumé",12 à 16,- ,Vizille ,Arts ,XXe siècle 
1991,Mémoire n°01,La bataille de Jarrie  Résumé,14 à 17,Yvette Virot ,Jarrie ,"Religions ,  Guerres ",- 
1991,Mémoire n°01,Alexandre Zeis - Une récente découverte  Résumé,15 à 19,Gérard Mingat ,Pays vizillois ,"Histoires ,  Personnages remarquables ",XVIIIe siècle 
1991,Mémoire n°01,Alexandre Zeis - Une récente découverte  Résumé,15,Gérard Mingat ,Pays vizillois ,"Histoires ,  Personnages remarquables , Documents remarquables ",XXe siècle 
1991,Mémoire n°01,L'inondation de 1928 à Bourg d'Oisans  Résumé,15,Denis Bellon ,Pays vizillois ,"Eau, rivières, canaux et fontaines ",XXe siècle 
1991,Mémoire n°01,Bains électriques d'air chaud au château de Vizille  Résumé,18 à 19,Gérard Mingat ,Vizille ,"Bâtiments et édifices ,  Médecine ",- 
1991,Mémoire n°01,Le choléra dans nos contrées en 1854  Résumé,20 à 22,Bernard Mingone ,Séchilienne ,Médecine ,- 
1991,Mémoire n°01,Le pont de la Rivoire  Résumé,23 à 35,Yves Armand ,Saint Georges de Commiers ,Voies de communication ,- 
1991,Mémoire n°01,D'aigua sioplait (de l'eau s'il vous plaît)  Résumé,26,Denis Bellon ,Vizille ,"Vie locale ,  Personnages remarquables ,  Souvenirs ",XIXe siècle 
1991,Mémoire n°01,Le souvenir  Résumé,27,Jean Danz ,Vizille ,"Guerres ,  Récits ",XXe siècle 
1991,Mémoire n°01,Les Tissages de Vizille de 1918 à 1968 ()  Résumé,30,Jean Huyghe ,Vizille ,"Lieux remarquables ,  Activités industrielles , Souvenirs ,  Récits ",XXe siècle 
1991,Mémoire n°01,A propos du Prieuré de Vizille  Résumé,36 à 38,Jeanne De Gaudenzi ,Vizille ,"Bâtiments et édifices ,  Religions ",- 
1991,Mémoire n°01,I - Un séjour à émotion de Marcel Deprez  Résumé,39,Alain Emery ,Jarrie ,Personnages remarquables ,- 
1991,Mémoire n°01,Un grand mariage à Vizille au XVIIIe siècle  Résumé,40 à 41,Germaine Billon ,Vizille ,Evènements ,- 
1991,Mémoire n°01,La chapelle Sainte Madeleine  Résumé,42 à 44,Gilbert Gacon ,"Champ sur Drac ,  Notre Dame de Mésage ","Bâtiments et édifices ,  Religions ",- 
